{
  "n_seed_rounds": 70,
  "gt_dynamic_avg": [
    0.6138795946229725,
    0.14104405587061747,
    0.009099663936147724,
    0.013301617307287092,
    0.22267506826297537,
    0.0
  ],
  "gt_by_dist_bucket": {
    "0": [
      0.4433648774433761,
      0.3091343468817871,
      0.01076636673906301,
      0.02559882097424784,
      0.211135587961526,
      0.0
    ],
    "1": [
      0.54611461619348,
      0.22239909407102032,
      0.008609560786216915,
      0.019597994014396953,
      0.20327873493488582,
      0.0
    ],
    "2": [
      0.5666928571428492,
      0.1932032019704478,
      0.011493349753694437,
      0.0171802955665003,
      0.21143029556650828,
      0.0
    ],
    "3": [
      0.6178105068406424,
      0.13568649885583758,
      0.00886459905545523,
      0.013617995033836391,
      0.2240204002142285,
      0.0
    ],
    "4": [
      0.656189667023052,
      0.09415113792576948,
      0.0088872766152434,
      0.009957232320145268,
      0.23081468611578984,
      0.0
    ],
    "5": [
      0.6978095238095182,
      0.049741176470587005,
      0.00732661064425769,
      0.005208963585434287,
      0.23991372549020276,
      0.0
    ],
    "6": [
      0.7245287887017922,
      0.01789652362846289,
      0.003208853883758849,
      0.0016499185225420847,
      0.2527159152634441,
      0.0
    ]
  },
  "learned_priors": {
    "0_1": [
      0.688617172935627,
      0.21895986402017947,
      0.008354534488430734,
      0.019320100888254924,
      0.06474832766750817,
      0.0
    ],
    "0_2": [
      0.7346564092249889,
      0.1903905202467217,
      0.011450791096808839,
      0.016996849021184306,
      0.046505430410296276,
      0.0
    ],
    "0_3": [
      0.8067114071934894,
      0.1351686794434259,
      0.009096547650301717,
      0.013504528747701978,
      0.03551883696508103,
      0.0
    ],
    "0_4": [
      0.8638296889436439,
      0.09297094754131886,
      0.009145621599425122,
      0.009881942305717508,
      0.0241717996098948,
      0.0
    ],
    "0_5": [
      0.9287537537537535,
      0.04933258258258225,
      0.007626876876876971,
      0.0052252252252253705,
      0.009061561561561843,
      0.0
    ],
    "0_6": [
      0.9753554415536826,
      0.01741297178453668,
      0.003323561744228684,
      0.0015994869915720049,
      0.002308537925980212,
      0.0
    ],
    "1_0": [
      0.4417812197483062,
      0.31787189415940637,
      0.004249757986447251,
      0.025779283639884028,
      0.21031784446595622,
      0.0
    ],
    "2_0": [
      0.4829435483870968,
      0.09076612903225806,
      0.1736290322580645,
      0.02108870967741933,
      0.23157258064516126,
      0.0
    ],
    "4_1": [
      0.1455348335388406,
      0.23206689272503098,
      0.009326448828606648,
      0.02037916152897671,
      0.5926926633785451,
      0.0
    ],
    "4_2": [
      0.10136144130757772,
      0.20099554234769473,
      0.011611255572065443,
      0.017688521545319837,
      0.6683432392273423,
      0.0
    ],
    "4_3": [
      0.07508108617763548,
      0.13717424099566342,
      0.00819818970394122,
      0.013943993965680109,
      0.76560248915708,
      0.0
    ],
    "4_4": [
      0.052962272591708916,
      0.09757977930211706,
      0.00813674321503134,
      0.010175961825231372,
      0.8311452430659112,
      0.0
    ],
    "4_5": [
      0.018741721854304744,
      0.05094260485651245,
      0.006443708609271543,
      0.005161147902869802,
      0.9187108167770415,
      0.0
    ],
    "4_6": [
      0.006264428121720844,
      0.019281217208814202,
      0.0028803777544595902,
      0.0017943336831059697,
      0.9697796432318994,
      0.0
    ]
  },
  "learned_priors_coastal": {
    "0_1_0": [
      0.6881621971300862,
      0.22733180428134564,
      0.0,
      0.0194183721477297,
      0.06508762644083836,
      0.0
    ],
    "0_1_1": [
      0.6948865478119937,
      0.1035980551053485,
      0.1234764991896273,
      0.01796596434359801,
      0.060072933549432654,
      0.0
    ],
    "0_2_0": [
      0.7339456287603013,
      0.20149075243259904,
      0.0,
      0.017213845353932295,
      0.047349773453167356,
      0.0
    ],
    "0_2_1": [
      0.7412422573984865,
      0.08753957329662741,
      0.11754989676531297,
      0.014986235375086069,
      0.03868203716448715,
      0.0
    ],
    "0_3_0": [
      0.8066242990654212,
      0.1433779439252337,
      0.0,
      0.013708411214952821,
      0.036289345794392254,
      0.0
    ],
    "0_3_1": [
      0.8073374529822672,
      0.07616872649113404,
      0.07447340139709839,
      0.012039226222461112,
      0.029981192907039288,
      0.0
    ],
    "0_4_0": [
      0.8623516096579509,
      0.10243272132796614,
      0.0,
      0.010254024144868866,
      0.024961644869214032,
      0.0
    ],
    "0_4_1": [
      0.8703996646171045,
      0.05091391839016217,
      0.04979737283398531,
      0.008228060368921234,
      0.020660983789826736,
      0.0
    ],
    "0_5_0": [
      0.9284747056258175,
      0.05686000872219796,
      0.0,
      0.0053979502834715035,
      0.00926733536851307,
      0.0
    ],
    "0_5_1": [
      0.9293707810993248,
      0.03268804243008688,
      0.024491321118611388,
      0.0048432979749276905,
      0.008606557377049224,
      0.0
    ],
    "0_6_0": [
      0.9747947510094213,
      0.021032974427994636,
      0.0,
      0.001749663526244944,
      0.002422611036339155,
      0.0
    ],
    "0_6_1": [
      0.976025744167337,
      0.013085277554304092,
      0.007296862429605775,
      0.0014199517296862342,
      0.0021721641190667602,
      0.0
    ],
    "1_0_0": [
      0.44101585728444004,
      0.3231053848695079,
      0.0,
      0.025925008259002527,
      0.20995374958704957,
      0.0
    ],
    "1_0_1": [
      0.4739583333333333,
      0.09784722222222221,
      0.18291666666666667,
      0.019652777777777776,
      0.22562499999999996,
      0.0
    ],
    "2_0_1": [
      0.4829435483870968,
      0.09076612903225806,
      0.1736290322580645,
      0.02108870967741933,
      0.23157258064516126,
      0.0
    ],
    "4_1_0": [
      0.14560855263157865,
      0.2397319078947371,
      0.0,
      0.020402960526315874,
      0.5942565789473684,
      0.0
    ],
    "4_1_1": [
      0.14443627450980392,
      0.11784313725490199,
      0.14830882352941166,
      0.020024509803921554,
      0.5693872549019608,
      0.0
    ],
    "4_2_0": [
      0.10279558913620532,
      0.21122830304267762,
      0.0,
      0.017801715335920277,
      0.6681743924851967,
      0.0
    ],
    "4_2_1": [
      0.08694045174537983,
      0.09810061601642708,
      0.1283675564681726,
      0.0165503080082135,
      0.6700410677618069,
      0.0
    ],
    "4_3_0": [
      0.07699041533546337,
      0.14509584664536804,
      0.0,
      0.014233226837060995,
      0.7636805111821076,
      0.0
    ],
    "4_3_1": [
      0.06033717105263151,
      0.07600328947368416,
      0.0715049342105263,
      0.01171052631578942,
      0.7804440789473686,
      0.0
    ],
    "4_4_0": [
      0.05497749774977499,
      0.10769126912691246,
      0.0,
      0.01062826282628284,
      0.8267029702970298,
      0.0
    ],
    "4_4_1": [
      0.043236316246742006,
      0.04877932232841009,
      0.047406602953953075,
      0.007993049522154624,
      0.8525847089487403,
      0.0
    ],
    "4_5_0": [
      0.019693439607602746,
      0.05869405272838766,
      0.0,
      0.005643776824034325,
      0.9159687308399753,
      0.0
    ],
    "4_5_1": [
      0.016293375394321734,
      0.031001577287066203,
      0.02302050473186118,
      0.00391955835962143,
      0.9257649842271294,
      0.0
    ],
    "4_6_0": [
      0.00652908067542212,
      0.025281425891182,
      0.0,
      0.002129455909943712,
      0.9660600375234522,
      0.0
    ],