{
  "n_seed_rounds": 45,
  "gt_dynamic_avg": [
    0.622097085315412,
    0.12981511451130626,
    0.009088813692315158,
    0.013496231997776166,
    0.22550275448319052,
    0.0
  ],
  "gt_by_dist_bucket": {
    "0": [
      0.4634325869461658,
      0.28263935207241475,
      0.010514530728918534,
      0.02580990948070511,
      0.2176036207717959,
      0.0
    ],
    "1": [
      0.5683515731874134,
      0.1951355552791963,
      0.00809103345355054,
      0.018164407412013334,
      0.21025743066782632,
      0.0
    ],
    "2": [
      0.5864933434766029,
      0.16679802206162278,
      0.010408900722708215,
      0.016988588817039792,
      0.21931114492202625,
      0.0
    ],
    "3": [
      0.6208894868490791,
      0.13033767907223864,
      0.009195027666186469,
      0.014125293716363665,
      0.2254525126961322,
      0.0
    ],
    "4": [
      0.6562797619047539,
      0.09216654518950756,
      0.009418731778425497,
      0.010692116132166425,
      0.23144284499514667,
      0.0
    ],
    "5": [
      0.6965564809994765,
      0.05186621551275311,
      0.008089536699635625,
      0.00603678639597436,
      0.23745098039216045,
      0.0
    ],
    "6": [
      0.7263330632090763,
      0.02041936790923838,
      0.0036608589951377664,
      0.0019752836304700043,
      0.24761142625607743,
      0.0
    ]
  },
  "learned_priors": {
    "0_1": [
      0.7201305373084048,
      0.1926486440963448,
      0.007876873842007758,
      0.017976250631632256,
      0.061367694121610465,
      0.0
    ],
    "0_2": [
      0.7598632974316458,
      0.16435273405137069,
      0.010374896437448237,
      0.016817004971001977,
      0.04859206710853319,
      0.0
    ],
    "0_3": [
      0.8081191254597437,
      0.12968124233755995,
      0.009407948508377565,
      0.01399826317940336,
      0.03879342051491551,
      0.0
    ],
    "0_4": [
      0.8594591287322586,
      0.09122940120737254,
      0.009727524881710001,
      0.010595529450155268,
      0.028988415728503567,
      0.0
    ],
    "0_5": [
      0.9233588494548823,
      0.05129668290419859,
      0.008409881697981974,
      0.006016005567153866,
      0.010918580375783093,
      0.0
    ],
    "0_6": [
      0.9715516304347825,
      0.01995380434782625,
      0.0037771739130434932,
      0.001888586956521739,
      0.002828804347826084,
      0.0
    ],
    "1_0": [
      0.4622862823061639,
      0.2911530815109337,
      0.0037599403578528826,
      0.02599652087475148,
      0.21680417495029794,
      0.0
    ],
    "2_0": [
      0.48994252873563227,
      0.08574712643678158,
      0.1667241379310345,
      0.021494252873563206,
      0.23609195402298847,
      0.0
    ],
    "4_1": [
      0.1400665399239542,
      0.20215304182509455,
      0.008695342205323192,
      0.01869534220532334,
      0.6303897338403048,
      0.0
    ],
    "4_2": [
      0.1066824304958439,
      0.17356549154485293,
      0.010503009458297522,
      0.017463456577816106,
      0.6917856119231895,
      0.0
    ],
    "4_3": [
      0.08267988252569747,
      0.13222466960352372,
      0.00858296622613806,
      0.014490455212922384,
      0.7620220264317183,
      0.0
    ],
    "4_4": [
      0.0641321921065148,
      0.0948977650974789,
      0.008518782691393278,
      0.010973609129814732,
      0.8214776509747983,
      0.0
    ],
    "4_5": [
      0.023178374655647458,
      0.05355716253443545,
      0.007138429752066122,
      0.006098484848484833,
      0.9100275482093662,
      0.0
    ],
    "4_6": [
      0.007858280254777042,
      0.021783439490445825,
      0.0033200636942675066,
      0.002229299363057317,
      0.9648089171974522,
      0.0
    ]
  },
  "learned_priors_coastal": {
    "0_1_0": [
      0.7202215991316954,
      0.19981819826338376,
      0.0,
      0.018115050651230268,
      0.06184515195369073,
      0.0
    ],
    "0_1_1": [
      0.7188997555012223,
      0.09574572127139369,
      0.11433985330073362,
      0.016100244498777463,
      0.054914425427872886,
      0.0
    ],
    "0_2_0": [
      0.7591402481047527,
      0.17408224213186613,
      0.0,
      0.017068113944406074,
      0.04970939581897504,
      0.0
    ],
    "0_2_1": [
      0.7664894736842107,
      0.07518947368421039,
      0.10545263157894726,
      0.014515789473684242,
      0.03835263157894729,
      0.0
    ],
    "0_3_0": [
      0.8077568834212089,
      0.13795782073813498,
      0.0,
      0.014321031048623551,
      0.03996426479203255,
      0.0
    ],
    "0_3_1": [
      0.8105865921787713,
      0.07330407023144436,
      0.07349162011173165,
      0.011799680766161206,
      0.0308180367118914,
      0.0
    ],
    "0_4_0": [
      0.8579890540269153,
      0.10080839526008986,
      0.0,
      0.011068989756979546,
      0.03013356095601531,
      0.0
    ],
    "0_4_1": [
      0.8658239130434779,
      0.049756521739130574,
      0.05184347826086969,
      0.008545652173913088,
      0.024030434782608696,
      0.0
    ],
    "0_5_0": [
      0.9249169159189096,
      0.057834828846793175,
      0.0,
      0.006124958457959539,
      0.011123296776337822,
      0.0
    ],
    "0_5_1": [
      0.9197580645161294,
      0.03618663594470043,
      0.0278456221198156,
      0.005764208909370149,
      0.010445468509984639,
      0.0
    ],
    "0_6_0": [
      0.9715663801337153,
      0.023486150907354286,
      0.0,
      0.002043935052531029,
      0.0029035339063992185,
      0.0
    ],
    "0_6_1": [
      0.9715321563682221,
      0.015290037831021407,
      0.00876418663303904,
      0.001683480453972248,
      0.002730138713745255,
      0.0
    ],
    "1_0_0": [
      0.4609704533876727,
      0.29652572592969884,
      0.0,
      0.026240448293428417,
      0.21626337238920001,
      0.0
    ],
    "1_0_1": [
      0.515,
      0.07591836734693874,
      0.1543877551020408,
      0.016224489795918375,
      0.238469387755102,
      0.0
    ],
    "2_0_1": [
      0.48994252873563227,
      0.08574712643678158,
      0.1667241379310345,
      0.021494252873563206,
      0.23609195402298847,
      0.0
    ],
    "4_1_0": [
      0.14069070594210248,
      0.20858811579481923,
      0.0,
      0.018809040121889373,
      0.631912138141189,
      0.0
    ],
    "4_1_1": [
      0.13096296296296295,
      0.10829629629629632,
      0.13551851851851848,
      0.017037037037037028,
      0.6081851851851852,
      0.0
    ],
    "4_2_0": [
      0.1084754562617996,
      0.1822750157331642,
      0.0,
      0.017602265575833963,
      0.6916472624292023,
      0.0
    ],
    "4_2_1": [
      0.0883601286173633,
      0.0845659163987139,
      0.1178295819935693,
      0.01604501607717038,
      0.6931993569131831,
      0.0
    ],
    "4_3_0": [
      0.08505978080371965,
      0.13966954500166004,
      0.0,
      0.014842245101295485,
      0.7604284290933249,
      0.0
    ],
    "4_3_1": [
      0.06449238578680203,
      0.07532994923857869,
      0.07417512690355334,
      0.011802030456852748,
      0.7742005076142132,
      0.0
    ],
    "4_4_0": [
      0.06669532817426227,
      0.10466609343651372,
      0.0,
      0.011466036113499752,
      0.8171725422757243,
      0.0
    ],
    "4_4_1": [
      0.05165969316596935,
      0.04736401673640165,
      0.0499721059972106,
      0.008577405857740536,
      0.8424267782426779,
      0.0
    ],
    "4_5_0": [
      0.02424858223062379,
      0.0608270321361058,
      0.0,
      0.006630434782608638,
      0.9082939508506618,
      0.0
    ],
    "4_5_1": [
      0.020304568527918735,
      0.03403553299492381,
      0.02630710659898474,
      0.004670050761421307,
      0.9146827411167514,
      0.0
    ],
    "4_6_0": [
      0.007679045092838178,
      0.02712201591511936,
      0.0,
      0.002519893899204244,
      0.9626790450928382,
      0.0
    ],