{
  "n_seed_rounds": 40,
  "gt_dynamic_avg": [
    0.6245206398823149,
    0.1283108393858624,
    0.009125402224878105,
    0.01306086237013842,
    0.2249822561368061,
    0.0
  ],
  "gt_by_dist_bucket": {
    "0": [
      0.46260638297872425,
      0.2845638297872333,
      0.010728723404255324,
      0.025787234042553224,
      0.21631382978723396,
      0.0
    ],
    "1": [
      0.5673077456968336,
      0.19722307051638216,
      0.0084869516935036,
      0.01787270960577472,
      0.2091095224875059,
      0.0
    ],
    "2": [
      0.5878869047618998,
      0.16646981292517224,
      0.010747023809523758,
      0.016590136054421042,
      0.21830612244898304,
      0.0
    ],
    "3": [
      0.6226782224487976,
      0.12738635398080025,
      0.009310476676013101,
      0.013617554592572823,
      0.22700739230181627,
      0.0
    ],
    "4": [
      0.6627251478069485,
      0.08773442870892686,
      0.009119001787432817,
      0.010037467344974247,
      0.23038395435171766,
      0.0
    ],
    "5": [
      0.7010093198492954,
      0.04911758873686228,
      0.007763236168947114,
      0.00555423359111644,
      0.23655562165377883,
      0.0
    ],
    "6": [
      0.7287814933577641,
      0.019070087036188843,
      0.0033073751717819537,
      0.0016949152542372822,
      0.24714612918002773,
      0.0
    ]
  },
  "learned_priors": {
    "0_1": [
      0.7182061642548394,
      0.19469742529599676,
      0.00820992294681453,
      0.017729750046983708,
      0.06115673745536567,
      0.0
    ],
    "0_2": [
      0.7619846224997074,
      0.16390102902070017,
      0.010649786102439624,
      0.016398427563879978,
      0.04706613481327276,
      0.0
    ],
    "0_3": [
      0.813756601607345,
      0.1268191733639532,
      0.009483352468427065,
      0.013482204362801526,
      0.03645866819747309,
      0.0
    ],
    "0_4": [
      0.8676327902052863,
      0.08685814231795776,
      0.009416827763969559,
      0.009961336647335279,
      0.026130903065451048,
      0.0
    ],
    "0_5": [
      0.9281711187516526,
      0.04858767521819625,
      0.00808384025390116,
      0.005565987833906441,
      0.009591377942343486,
      0.0
    ],
    "0_6": [
      0.9744996930632288,
      0.01846531614487427,
      0.0034254143646408964,
      0.0015868631062001238,
      0.0020227133210558614,
      0.0
    ],
    "1_0": [
      0.46167314095449585,
      0.29304661487236333,
      0.0036931187569367373,
      0.025962819089900127,
      0.21562430632630394,
      0.0
    ],
    "2_0": [
      0.4841666666666667,
      0.08858974358974356,
      0.1732692307692308,
      0.021730769230769217,
      0.23224358974358972,
      0.0
    ],
    "4_1": [
      0.14089750398300577,
      0.20436006372809296,
      0.00926978226234732,
      0.018276686139139808,
      0.627195963887414,
      0.0
    ],
    "4_2": [
      0.10387174541947909,
      0.173611378977818,
      0.011017357762777256,
      0.017123111539697953,
      0.6943764063002277,
      0.0
    ],
    "4_3": [
      0.07861392611964685,
      0.12900130761686776,
      0.008818241255312215,
      0.014002942137953755,
      0.7695635828702194,
      0.0
    ],
    "4_4": [
      0.058350529459679966,
      0.0903190333966867,
      0.008240564756991621,
      0.010262014661960535,
      0.8328278577246813,
      0.0
    ],
    "4_5": [
      0.020423930269413713,
      0.05070522979397804,
      0.006802694136291615,
      0.005519017432646576,
      0.91654912836767,
      0.0
    ],
    "4_6": [
      0.006263537906137159,
      0.02084837545126351,
      0.0029602888086642533,
      0.0020126353790613683,
      0.9679151624548737,
      0.0
    ]
  },
  "learned_priors_coastal": {
    "0_1_0": [
      0.7185909090909116,
      0.2019262626262597,
      0.0,
      0.017869696969697063,
      0.06161313131313163,
      0.0
    ],
    "0_1_1": [
      0.7130727762803234,
      0.09824797843665767,
      0.11774932614555267,
      0.015862533692722336,
      0.055067385444743926,
      0.0
    ],
    "0_2_0": [
      0.7617987179487147,
      0.1734205128205163,
      0.0,
      0.01661858974358995,
      0.04816217948717901,
      0.0
    ],
    "0_2_1": [
      0.7636925795053007,
      0.0764428739693756,
      0.1084923439340399,
      0.014375736160188458,
      0.03699646643109535,
      0.0
    ],
    "0_3_0": [
      0.8138380374571385,
      0.13472500659456318,
      0.0,
      0.013801107887101243,
      0.03763584806119706,
      0.0
    ],
    "0_3_1": [
      0.8132092198581564,
      0.07367907801418422,
      0.07322695035460972,
      0.011338652482269486,
      0.028546099290780093,
      0.0
    ],
    "0_4_0": [
      0.8667285067873326,
      0.09557070135746355,
      0.0,
      0.010432126696832756,
      0.02726866515837098,
      0.0
    ],
    "0_4_1": [
      0.8715842807711316,
      0.04878645575877423,
      0.050565991102323404,
      0.007904102817597645,
      0.021159169550173072,
      0.0
    ],
    "0_5_0": [
      0.9304136758594632,
      0.05408575746127702,
      0.0,
      0.005644125425009514,
      0.009856441254250243,
      0.0
    ],
    "0_5_1": [
      0.9229365079365079,
      0.03575396825396828,
      0.026953262786596058,
      0.00538359788359785,
      0.008972663139329805,
      0.0
    ],
    "0_6_0": [
      0.9750695187165777,
      0.021245989304812776,
      0.0,
      0.0016149732620320788,
      0.0020695187165775293,
      0.0
    ],
    "0_6_1": [
      0.9737319884726223,
      0.014719020172910633,
      0.008040345821325613,
      0.0015489913544668554,
      0.0019596541786743435,
      0.0
    ],
    "1_0_0": [
      0.4603153409090916,
      0.2982698863636357,
      0.0,
      0.026224431818181845,
      0.21519034090909087,
      0.0
    ],
    "1_0_1": [
      0.5185714285714287,
      0.07416666666666663,
      0.15845238095238093,
      0.015000000000000005,
      0.23380952380952377,
      0.0
    ],
    "2_0_1": [
      0.4841666666666667,
      0.08858974358974356,
      0.1732692307692308,
      0.021730769230769217,
      0.23224358974358972,
      0.0
    ],
    "4_1_0": [
      0.1417359134889015,
      0.21108708025042644,
      0.0,
      0.01837507114399552,
      0.6288019351166765,
      0.0
    ],
    "4_1_1": [
      0.12920634920634924,
      0.1105555555555556,
      0.138531746031746,
      0.0169047619047619,
      0.6048015873015873,
      0.0
    ],
    "4_2_0": [
      0.10558262711864373,
      0.18221927966101542,
      0.0,
      0.017233403954802357,
      0.6949646892655384,
      0.0
    ],
    "4_2_1": [
      0.086505376344086,
      0.08623655913978502,
      0.12284946236559155,
      0.016003584229390654,
      0.6884050179211468,
      0.0
    ],
    "4_3_0": [
      0.08091617210682486,
      0.13617210682492534,
      0.0,
      0.014373145400593675,
      0.7685385756676562,
      0.0
    ],
    "4_3_1": [
      0.06151515151515155,
      0.0757438016528926,
      0.07431129476584028,
      0.011253443526170767,
      0.7771763085399447,
      0.0
    ],
    "4_4_0": [
      0.06115975171512609,
      0.09933355112708177,
      0.0,
      0.010775890231950518,
      0.8287308069258417,
      0.0
    ],
    "4_4_1": [
      0.044525723472668824,
      0.045956591639871425,
      0.04879421221864951,
      0.007733118971061061,
      0.8529903536977493,
      0.0
    ],
    "4_5_0": [
      0.021789587852494526,
      0.0573318872017352,
      0.0,
      0.006073752711496697,
      0.9148047722342736,
      0.0
    ],
    "4_5_1": [
      0.016720588235294074,
      0.032735294117647036,
      0.025249999999999984,
      0.004014705882352934,
      0.9212794117647061,
      0.0
    ],
    "4_6_0": [
      0.006363636363636347,
      0.025586510263929628,
      0.0,
      0.0022727272727272726,
      0.9657771260997067,
      0.0
    ],