{
  "n_seed_rounds": 60,
  "gt_dynamic_avg": [
    0.620324461685771,
    0.1341162930590027,
    0.008962164551056853,
    0.012273748434775305,
    0.22432333226939416,
    0.0
  ],
  "gt_by_dist_bucket": {
    "0": [
      0.4497678636198772,
      0.30132027566195113,
      0.011220529561117182,
      0.02448676097207123,
      0.2132045701849833,
      0.0
    ],
    "1": [
      0.5542357954545436,
      0.21218513257576058,
      0.008690340909090858,
      0.018181818181817487,
      0.2067069128787874,
      0.0
    ],
    "2": [
      0.5772787955845697,
      0.18277553025487456,
      0.011182453909726463,
      0.015513205802460376,
      0.21325001444836886,
      0.0
    ],
    "3": [
      0.6258849229011959,
      0.1262555682467202,
      0.00833552255853772,
      0.012355511136492232,
      0.2271684751570539,
      0.0
    ],
    "4": [
      0.661053895171416,
      0.09032108239095536,
      0.008780739544067367,
      0.00933091007000458,
      0.23051337282355683,
      0.0
    ],
    "5": [
      0.6935275478530741,
      0.052031169167096936,
      0.007827211588204827,
      0.005385411277806569,
      0.24122866011381747,
      0.0
    ],
    "6": [
      0.7235718599033819,
      0.019658816425120896,
      0.0035326086956521904,
      0.001794987922705299,
      0.25144172705313994,
      0.0
    ]
  },
  "learned_priors": {
    "0_1": [
      0.7010752411575545,
      0.20909646302250987,
      0.008308681672025708,
      0.017963344051446912,
      0.06355627009646311,
      0.0
    ],
    "0_2": [
      0.7513584223758585,
      0.18012767127593524,
      0.011146291640477745,
      0.015344908862349895,
      0.04202270584537852,
      0.0
    ],
    "0_3": [
      0.8208378961980396,
      0.1257175908074376,
      0.008455695226343598,
      0.012265751523096642,
      0.032723066245082505,
      0.0
    ],
    "0_4": [
      0.8685199903660913,
      0.0890242654142563,
      0.008994460500963457,
      0.009230792389209942,
      0.024230491329479156,
      0.0
    ],
    "0_5": [
      0.9250773375043444,
      0.05175182481751816,
      0.008169099756691042,
      0.005405804657629539,
      0.009595933263816664,
      0.0
    ],
    "0_6": [
      0.9729609279609278,
      0.01910256410256428,
      0.0036589336589336803,
      0.001739926739926737,
      0.0025376475376475316,
      0.0
    ],
    "1_0": [
      0.44841140914242583,
      0.31019644880997344,
      0.004357763505855696,
      0.02464110313562532,
      0.21239327540611969,
      0.0
    ],
    "2_0": [
      0.48240909090909095,
      0.08772727272727271,
      0.17636363636363642,
      0.020772727272727255,
      0.23272727272727273,
      0.0
    ],
    "4_1": [
      0.14429802513464976,
      0.2208078994614001,
      0.00975583482944344,
      0.0187917414721725,
      0.6063464991023342,
      0.0
    ],
    "4_2": [
      0.09297595628415249,
      0.1901420765027295,
      0.011283060109289679,
      0.015981420765027596,
      0.6896174863388007,
      0.0
    ],
    "4_3": [
      0.06943429451904047,
      0.12779110719788697,
      0.007992515958617719,
      0.012611710323574993,
      0.7821703720008798,
      0.0
    ],
    "4_4": [
      0.05400722339675853,
      0.0941155743481319,
      0.008155391120507425,
      0.00962385482734337,
      0.8340979563072588,
      0.0
    ],
    "4_5": [
      0.019949443882709854,
      0.05284378159757342,
      0.006832659251769463,
      0.005326086956521749,
      0.9150480283114255,
      0.0
    ],
    "4_6": [
      0.0069064327485379735,
      0.02125730994152042,
      0.0031695906432748426,
      0.0019532163742689945,
      0.9667134502923979,
      0.0
    ]
  },
  "learned_priors_coastal": {
    "0_1_0": [
      0.7008659024996545,
      0.2172338074851538,
      0.0,
      0.018056898218478223,
      0.0638433917967134,
      0.0
    ],
    "0_1_1": [
      0.7039138576779027,
      0.09875468164794012,
      0.1209737827715357,
      0.016694756554307064,
      0.05966292134831461,
      0.0
    ],
    "0_2_0": [
      0.7506173753921169,
      0.1909428372255215,
      0.0,
      0.015552892994074101,
      0.042886894388287515,
      0.0
    ],
    "0_2_1": [
      0.7581509584664544,
      0.08099440894568663,
      0.11331469648562272,
      0.013438498402555937,
      0.03410143769968042,
      0.0
    ],
    "0_3_0": [
      0.8205016722408027,
      0.13353458898081363,
      0.0,
      0.012467435310684697,
      0.033496303467698864,
      0.0
    ],
    "0_3_1": [
      0.8232180685358252,
      0.07038006230529607,
      0.06831464174454836,
      0.010838006230529636,
      0.02724922118380068,
      0.0
    ],
    "0_4_0": [
      0.8669991862701606,
      0.09843578931794428,
      0.0,
      0.009566134043497735,
      0.024998890368397274,
      0.0
    ],
    "0_4_1": [
      0.8751731391585758,
      0.047851132686084284,
      0.04834304207119751,
      0.0077637540453074794,
      0.020868932038834935,
      0.0
    ],
    "0_5_0": [
      0.9250617283950614,
      0.059559082892416335,
      0.0,
      0.005556815318720153,
      0.009822373393802099,
      0.0
    ],
    "0_5_1": [
      0.9251120448179273,
      0.034392156862745056,
      0.026333333333333257,
      0.005070028011204458,
      0.009092436974789928,
      0.0
    ],
    "0_6_0": [
      0.9726860722181282,
      0.022803979366249057,
      0.0,
      0.0018828297715548883,
      0.002627118644067781,
      0.0
    ],
    "0_6_1": [
      0.9732999999999999,
      0.0145363636363636,
      0.008172727272727229,
      0.001563636363636351,
      0.002427272727272707,
      0.0
    ],
    "1_0_0": [
      0.447467079783114,
      0.3157745933384972,
      0.0,
      0.024825716498838205,
      0.21193261037955055,
      0.0
    ],
    "1_0_1": [
      0.4859230769230769,
      0.0886153846153846,
      0.17746153846153845,
      0.01730769230769231,
      0.2306923076923077,
      0.0
    ],
    "2_0_1": [
      0.48240909090909095,
      0.08772727272727271,
      0.17636363636363642,
      0.020772727272727255,
      0.23272727272727273,
      0.0
    ],
    "4_1_0": [
      0.1444326923076922,
      0.22848653846153835,
      0.0,
      0.018775000000000118,
      0.6083057692307694,
      0.0
    ],
    "4_1_1": [
      0.14240540540540536,
      0.1128918918918919,
      0.14686486486486475,
      0.01902702702702701,
      0.5788108108108109,
      0.0
    ],
    "4_2_0": [
      0.09445699183084988,
      0.199926717924073,
      0.0,
      0.016105237866410594,
      0.6895110523786665,
      0.0
    ],
    "4_2_1": [
      0.07805084745762707,
      0.09153753026634386,
      0.12498789346246984,
      0.014733656174334088,
      0.6906900726392251,
      0.0
    ],
    "4_3_0": [
      0.07135205992509383,
      0.13530461922596765,
      0.0,
      0.012905118601748105,
      0.7804382022471904,
      0.0
    ],
    "4_3_1": [
      0.0551579925650557,
      0.07185873605947952,
      0.06749070631970257,
      0.010427509293680248,
      0.7950650557620819,
      0.0
    ],
    "4_4_0": [
      0.05622167592988484,
      0.10440466011115791,
      0.0,
      0.01007695596408739,
      0.8292967079948698,
      0.0
    ],
    "4_4_1": [
      0.04362725450901809,
      0.045886773547094174,
      0.04638276553106212,
      0.007499999999999953,
      0.8566032064128257,
      0.0
    ],
    "4_5_0": [
      0.020805322128851535,
      0.06079131652661059,
      0.0,
      0.0058053221288514876,
      0.9125980392156864,
      0.0
    ],
    "4_5_1": [
      0.017727272727272696,
      0.0322090909090909,
      0.024572727272727263,
      0.00408181818181817,
      0.9214090909090911,
      0.0
    ],
    "4_6_0": [
      0.007090163934426211,
      0.02739754098360656,
      0.0,
      0.0022848360655737684,
      0.9632274590163935,
      0.0
    ],