{
  "n_seed_rounds": 55,
  "gt_dynamic_avg": [
    0.6208484868773377,
    0.13268780128548752,
    0.008912694161756708,
    0.012853173540438401,
    0.22469784413497965,
    0.0
  ],
  "gt_by_dist_bucket": {
    "0": [
      0.4671448357736454,
      0.27674910961614485,
      0.00970518401266326,
      0.024887218045112867,
      0.22151365255243355,
      0.0
    ],
    "1": [
      0.5678865394533248,
      0.1952965446106275,
      0.007548220732336211,
      0.017501805054151023,
      0.21176689014956052,
      0.0
    ],
    "2": [
      0.5871724181439565,
      0.16858368557189396,
      0.009812630117973495,
      0.01618888398208201,
      0.21824238218409409,
      0.0
    ],
    "3": [
      0.6183244797200138,
      0.13524342228610975,
      0.009028498218861092,
      0.013447909505654701,
      0.22395569026936066,
      0.0
    ],
    "4": [
      0.652736544605546,
      0.09892922093880793,
      0.009617596461046794,
      0.010220201523715009,
      0.22849643647088422,
      0.0
    ],
    "5": [
      0.6913920256517453,
      0.056086017008224354,
      0.008437195036944053,
      0.005805102467586835,
      0.23827965983549934,
      0.0
    ],
    "6": [
      0.7248931347150263,
      0.021084844559585626,
      0.0037888601036269614,
      0.001925194300518119,
      0.24830796632124333,
      0.0
    ]
  },
  "learned_priors": {
    "0_1": [
      0.7199454621731204,
      0.19323031743812258,
      0.007301775975388042,
      0.017336036917913623,
      0.06218640749545534,
      0.0
    ],
    "0_2": [
      0.7632434984121474,
      0.16610033473522354,
      0.009824907733241831,
      0.016029954510341837,
      0.04480130460904545,
      0.0
    ],
    "0_3": [
      0.807237485251979,
      0.134559666273389,
      0.009162312489465552,
      0.013328838698802978,
      0.035711697286363434,
      0.0
    ],
    "0_4": [
      0.8559332321699571,
      0.09754667810252488,
      0.009855512304545833,
      0.01011446856238034,
      0.02655010886059181,
      0.0
    ],
    "0_5": [
      0.9194346851055872,
      0.055649411324985916,
      0.008784339375817657,
      0.005812932162212742,
      0.01031863203139621,
      0.0
    ],
    "0_6": [
      0.9711026533275335,
      0.020415397999130256,
      0.003910395824271448,
      0.0018595041322314028,
      0.002712048716833401,
      0.0
    ],
    "1_0": [
      0.46592295014421187,
      0.28477750309023425,
      0.003547589616810886,
      0.02505974454058516,
      0.22069221260815802,
      0.0
    ],
    "2_0": [
      0.4968000000000001,
      0.08189999999999996,
      0.15915000000000004,
      0.020699999999999982,
      0.24144999999999997,
      0.0
    ],
    "4_1": [
      0.14045990566037722,
      0.20110455974842728,
      0.008240959119496846,
      0.017967767295597636,
      0.6322268081761011,
      0.0
    ],
    "4_2": [
      0.09874285714285701,
      0.17547261904761619,
      0.009778571428571484,
      0.01662976190476221,
      0.699376190476193,
      0.0
    ],
    "4_3": [
      0.07621039903264823,
      0.13720556227327707,
      0.008644498186215287,
      0.013789600967352116,
      0.7641499395405073,
      0.0
    ],
    "4_4": [
      0.0590873168851198,
      0.10296838858905105,
      0.008922513492675433,
      0.010529105628373359,
      0.8184926754047804,
      0.0
    ],
    "4_5": [
      0.021657519209659765,
      0.05736827661910001,
      0.00741767288693743,
      0.005782107574094412,
      0.9077744237102083,
      0.0
    ],
    "4_6": [
      0.007484157160963202,
      0.023035487959442272,
      0.0034347275031685553,
      0.002116603295310507,
      0.9639290240811155,
      0.0
    ]
  },
  "learned_priors_coastal": {
    "0_1_0": [
      0.7194501950195016,
      0.200582808280828,
      0.0,
      0.01744449444944503,
      0.06252250225022536,
      0.0
    ],
    "0_1_1": [
      0.7267525773195875,
      0.09217525773195881,
      0.10765979381443311,
      0.01584536082474221,
      0.05756701030927835,
      0.0
    ],
    "0_2_0": [
      0.7622424933485302,
      0.17582335613835776,
      0.0,
      0.01624287343215482,
      0.045691277080957195,
      0.0
    ],
    "0_2_1": [
      0.7725909494232482,
      0.07530612244897925,
      0.10157054125998195,
      0.014041703637976946,
      0.03649068322981354,
      0.0
    ],
    "0_3_0": [
      0.8063704703161143,
      0.14341702004626045,
      0.0,
      0.013581341557440391,
      0.0366311680801849,
      0.0
    ],
    "0_3_1": [
      0.8132751677852348,
      0.07287919463087257,
      0.07296644295302014,
      0.011570469798657756,
      0.0293087248322148,
      0.0
    ],
    "0_4_0": [
      0.8541135183382044,
      0.10797265498214631,
      0.0,
      0.010492940603700294,
      0.02742088607594892,
      0.0
    ],
    "0_4_1": [
      0.8638492763854568,
      0.05219202259089321,
      0.05272855630074138,
      0.00846805506530184,
      0.022762089657606763,
      0.0
    ],
    "0_5_0": [
      0.9195047361299049,
      0.06397564276048728,
      0.0,
      0.005968876860622543,
      0.010550744248985264,
      0.0
    ],
    "0_5_1": [
      0.9192783816425123,
      0.03707125603864729,
      0.028384661835748705,
      0.005464975845410602,
      0.00980072463768117,
      0.0
    ],
    "0_6_0": [
      0.9707227488151658,
      0.024443127962085285,
      0.0,
      0.002018167456556069,
      0.0028159557661927162,
      0.0
    ],
    "0_6_1": [
      0.971568247821878,
      0.015479186834462687,
      0.008702807357211956,
      0.0016650532429815933,
      0.0025847047434656117,
      0.0
    ],
    "1_0_0": [
      0.4647784810126588,
      0.2897362869198306,
      0.0,
      0.02526793248945155,
      0.22021729957805913,
      0.0
    ],
    "1_0_1": [
      0.5135087719298246,
      0.07859649122807015,
      0.15105263157894736,
      0.01640350877192983,
      0.24043859649122806,
      0.0
    ],
    "2_0_1": [
      0.4968000000000001,
      0.08189999999999996,
      0.15915000000000004,
      0.020699999999999982,
      0.24144999999999997,
      0.0
    ],
    "4_1_0": [
      0.14081058378832415,
      0.2076312473750522,
      0.0,
      0.01801973960520801,
      0.6335384292314157,
      0.0
    ],
    "4_1_1": [
      0.1353374233128834,
      0.1057668711656442,
      0.1286196319018404,
      0.017208588957055206,
      0.6130674846625768,
      0.0
    ],
    "4_2_0": [
      0.10021546095586287,
      0.1845207626011993,
      0.0,
      0.016760250718203414,
      0.6985035257247345,
      0.0
    ],
    "4_2_1": [
      0.08354447439353098,
      0.08208894878706205,
      0.11070080862533707,
      0.015283018867924483,
      0.7083827493261455,
      0.0
    ],
    "4_3_0": [
      0.07814313081554469,
      0.1452777777777779,
      0.0,
      0.01407772304324055,
      0.7625013683634368,
      0.0
    ],
    "4_3_1": [
      0.06152806652806648,
      0.07588357588357586,
      0.0743139293139293,
      0.011600831600831552,
      0.7766735966735968,
      0.0
    ],
    "4_4_0": [
      0.061349428504782214,
      0.1139269885700949,
      0.0,
      0.01099603452297663,
      0.8137275484021462,
      0.0
    ],
    "4_4_1": [
      0.04832408435072148,
      0.05082685904550498,
      0.051376248612652595,
      0.008307436182019927,
      0.841165371809101,
      0.0
    ],
    "4_5_0": [
      0.022627570449352614,
      0.06611576542269604,
      0.0,
      0.006313785224676254,
      0.9049428789032751,
      0.0
    ],
    "4_5_1": [
      0.0191552062868369,
      0.034803536345776015,
      0.026552062868369336,
      0.00441060903732808,
      0.9150785854616896,
      0.0
    ],
    "4_6_0": [
      0.007637969094922717,
      0.029514348785871964,
      0.0,
      0.0024613686534216313,
      0.9603863134657837,
      0.0
    ],