{
  "gt_dynamic_avg": [
    0.5944068625784259,
    0.15668742222365517,
    0.01118266134012162,
    0.015476205703092402,
    0.22224684815470455,
    0.0
  ],
  "n_seed_rounds": 35,
  "gt_by_dist_bucket": {
    "4": [
      0.6779224904701402,
      0.04963151207115628,
      0.008532401524777623,
      0.004345616264294767,
      0.25956797966963063,
      0.0
    ],
    "3": [
      0.6686081560283661,
      0.08593085106382932,
      0.013671985815602845,
      0.0095319148936171,
      0.22225709219857623,
      0.0
    ],
    "2": [
      0.6163683360258453,
      0.13370920840064568,
      0.014039849219170729,
      0.01511308562197107,
      0.22076952073236772,
      0.0
    ],
    "1": [
      0.5757189594216656,
      0.17767716743180106,
      0.012274022479024864,
      0.01795129544614876,
      0.21637855522136829,
      0.0
    ],
    "0": [
      0.5272031563126253,
      0.2390981963927847,
      0.010075776553106215,
      0.021238101202404977,
      0.2023847695390757,
      0.0
    ],
    "5": [
      0.7370114942528735,
      0.022758620689655163,
      0.004080459770114943,
      0.0011494252873563218,
      0.23499999999999996,
      0.0
    ]
  }
}