{
  "n_seed_rounds": 80,
  "gt_dynamic_avg": [
    0.6143167468154555,
    0.13997384457252088,
    0.008856227744943133,
    0.013242676480303509,
    0.22361050438677696,
    0.0
  ],
  "gt_by_dist_bucket": {
    "0": [
      0.44291177273968835,
      0.30821770008194455,
      0.010594099972685074,
      0.025538104343075976,
      0.21273832286260605,
      0.0
    ],
    "1": [
      0.5480437411095304,
      0.21994238975818048,
      0.008337482219061164,
      0.019405405405403878,
      0.20427098150782425,
      0.0
    ],
    "2": [
      0.5666569073953522,
      0.19278247668618803,
      0.01128236824983722,
      0.01720104098893644,
      0.21207720667968608,
      0.0
    ],
    "3": [
      0.6179669248213546,
      0.13460014547944188,
      0.008603397372812188,
      0.013570450558381875,
      0.22525908176800943,
      0.0
    ],
    "4": [
      0.6566101497504032,
      0.09418269550749024,
      0.008634608985024722,
      0.009958735440929768,
      0.23061381031615213,
      0.0
    ],
    "5": [
      0.6934011935701164,
      0.05067282702858667,
      0.007047839060544785,
      0.00535085186254703,
      0.24352728847820507,
      0.0
    ],
    "6": [
      0.7240189584285066,
      0.019270214709913334,
      0.0034547738693467525,
      0.001842165372316107,
      0.2514138876199173,
      0.0
    ]
  },
  "learned_priors": {
    "0_1": [
      0.6923970687493963,
      0.21664063253302643,
      0.00813711310384727,
      0.01912207115996467,
      0.06370311445376534,
      0.0
    ],
    "0_2": [
      0.7338353093847675,
      0.19031823276116924,
      0.011247271869285749,
      0.017032088715859584,
      0.04756709726891804,
      0.0
    ],
    "0_3": [
      0.8084356590042756,
      0.1341642601363082,
      0.008784798429016798,
      0.013467713988678588,
      0.035147568441720844,
      0.0
    ],
    "0_4": [
      0.8640240085840775,
      0.09302901596101404,
      0.008819019090624583,
      0.00988040416685218,
      0.024247552197431736,
      0.0
    ],
    "0_5": [
      0.9276507977688414,
      0.05035348294201558,
      0.00724218445972247,
      0.00532235049941642,
      0.009431184330004172,
      0.0
    ],
    "0_6": [
      0.972976923076923,
      0.018921538461538635,
      0.003527692307692336,
      0.0017784615384615315,
      0.002795384615384622,
      0.0
    ],
    "1_0": [
      0.4415711854792963,
      0.3165158820192852,
      0.00420448099829836,
      0.025699092456041107,
      0.21200935904707904,
      0.0
    ],
    "2_0": [
      0.477925925925926,
      0.09148148148148151,
      0.17748148148148146,
      0.021333333333333305,
      0.2317777777777778,
      0.0
    ],
    "4_1": [
      0.14221875847112977,
      0.22922472214692347,
      0.008900786120899952,
      0.020201951748441475,
      0.5994537815126053,
      0.0
    ],
    "4_2": [
      0.10219026548672566,
      0.1996288102261533,
      0.011379875450671963,
      0.017670435922648674,
      0.6691306129138004,
      0.0
    ],
    "4_3": [
      0.07350998844312338,
      0.13584612844642588,
      0.008084860491992774,
      0.013864124153871804,
      0.7686948984645862,
      0.0
    ],
    "4_4": [
      0.05278016399843804,
      0.09754132500325349,
      0.00809774827541328,
      0.010186775998958997,
      0.8313939867239363,
      0.0
    ],
    "4_5": [
      0.01958395522388068,
      0.051591417910447995,
      0.006488805970149267,
      0.005432835820895576,
      0.9169029850746265,
      0.0
    ],
    "4_6": [
      0.006719858156028323,
      0.020274822695035395,
      0.0032446808510638177,
      0.002025709219858142,
      0.9677349290780143,
      0.0
    ]
  },
  "learned_priors_coastal": {
    "0_1_0": [
      0.6917254395036199,
      0.2250439503619442,
      0.0,
      0.019211478800413146,
      0.06401913133402296,
      0.0
    ],
    "0_1_1": [
      0.7016619115549216,
      0.10072039942938653,
      0.12038516405135527,
      0.017888730385164028,
      0.05934379457917261,
      0.0
    ],
    "0_2_0": [
      0.7330814143127378,
      0.2013073259834353,
      0.0,
      0.017234653271575587,
      0.048376606432251404,
      0.0
    ],
    "0_2_1": [
      0.7409513546798037,
      0.0865917487684726,
      0.11741071428571406,
      0.015120073891625644,
      0.039926108374384095,
      0.0
    ],
    "0_3_0": [
      0.8081657581926854,
      0.14229723517436174,
      0.0,
      0.013680304721874835,
      0.035856701911077975,
      0.0
    ],
    "0_3_1": [
      0.810404887398179,
      0.07482510781025407,
      0.07287973167225688,
      0.011916626736943044,
      0.029973646382367106,
      0.0
    ],
    "0_4_0": [
      0.862392559507601,
      0.10236232910289166,
      0.0,
      0.010241298545671807,
      0.02500381284383544,
      0.0
    ],
    "0_4_1": [
      0.8714970059880239,
      0.050276946107784465,
      0.049215319361277265,
      0.008227295409181712,
      0.020783433133732584,
      0.0
    ],
    "0_5_0": [
      0.9264426107917669,
      0.058214351937697,
      0.0,
      0.005566475060263374,
      0.00977656221027276,
      0.0
    ],
    "0_5_1": [
      0.9304641623488771,
      0.03204879101899839,
      0.024106217616580317,
      0.004753886010362719,
      0.008626943005181395,
      0.0
    ],
    "0_6_0": [
      0.971487928130264,
      0.023506457046603035,
      0.0,
      0.001967995508141481,
      0.0030376193149915577,
      0.0
    ],
    "0_6_1": [
      0.9747821647379169,
      0.013362831858407092,
      0.007804628999319268,
      0.0015486725663716725,
      0.0025017018379850093,
      0.0
    ],
    "1_0_0": [
      0.44087953555878023,
      0.32166618287373,
      0.0,
      0.02582728592162583,
      0.21162699564586399,
      0.0
    ],
    "1_0_1": [
      0.47098765432098766,
      0.0974691358024691,
      0.18302469135802465,
      0.020246913580246904,
      0.22827160493827156,
      0.0
    ],
    "2_0_1": [
      0.477925925925926,
      0.09148148148148151,
      0.17748148148148146,
      0.021333333333333305,
      0.2317777777777778,
      0.0
    ],
    "4_1_0": [
      0.14224147891392222,
      0.23673165800115561,
      0.0,
      0.02023108030040452,
      0.6007957827845176,
      0.0
    ],
    "4_1_1": [
      0.14187224669603524,
      0.11473568281938329,
      0.1446475770925109,
      0.019757709251101294,
      0.5789867841409692,
      0.0
    ],
    "4_2_0": [
      0.10359906424329651,
      0.20977145942054903,
      0.0,
      0.01778747525643365,
      0.6688420010797209,
      0.0
    ],
    "4_2_1": [
      0.08782568807339448,
      0.09621100917431194,
      0.1274128440366974,
      0.016477064220183447,
      0.6720733944954128,
      0.0
    ],
    "4_3_0": [
      0.07528785046728942,
      0.14398224299065449,
      0.0,
      0.014152336448598386,
      0.7665775700934576,
      0.0
    ],
    "4_3_1": [
      0.06005657708627999,
      0.07427864214992917,
      0.06926449787835916,
      0.011683168316831643,
      0.7847171145686,
      0.0
    ],
    "4_4_0": [
      0.05450745098039212,
      0.10740470588235261,
      0.0,
      0.010598431372549228,
      0.827489411764706,
      0.0
    ],
    "4_4_1": [
      0.04436162079510713,
      0.04946865443425084,
      0.04756498470948018,
      0.00818042813455658,
      0.8504243119266054,
      0.0
    ],
    "4_5_0": [
      0.020346153846153864,
      0.059115384615384674,
      0.0,
      0.005887179487179495,
      0.914651282051282,
      0.0
    ],
    "4_5_1": [
      0.01754794520547942,
      0.03149315068493146,
      0.02382191780821916,
      0.004219178082191759,
      0.9229178082191782,
      0.0
    ],
    "4_6_0": [
      0.007204724409448797,
      0.026692913385826803,
      0.0,
      0.002314960629921255,
      0.9637874015748031,
      0.0
    ],