{
  "n_seed_rounds": 65,
  "gt_dynamic_avg": [
    0.621929249343113,
    0.1315762888466093,
    0.008709228051100701,
    0.012335043490077574,
    0.22545019026909952,
    0.0
  ],
  "gt_by_dist_bucket": {
    "0": [
      0.45461589624210236,
      0.29467243099434604,
      0.010693382108413722,
      0.02422015297638859,
      0.21579813767874928,
      0.0
    ],
    "1": [
      0.5595295547261507,
      0.20626594913636226,
      0.008303966669559895,
      0.01805659230969447,
      0.20784393715823257,
      0.0
    ],
    "2": [
      0.5803276345736429,
      0.17817366220293732,
      0.010802678240618068,
      0.015595458635470988,
      0.21510056634733074,
      0.0
    ],
    "3": [
      0.6267356562745588,
      0.12473565627456415,
      0.008189677757400857,
      0.012489389572961635,
      0.22784962012051457,
      0.0
    ],
    "4": [
      0.6615257467169214,
      0.08813952524959816,
      0.008542193131446846,
      0.009340900617257234,
      0.23245163428477653,
      0.0
    ],
    "5": [
      0.6965092277804711,
      0.050425570665370456,
      0.007624453618261271,
      0.005312044681884494,
      0.2401287032540129,
      0.0
    ],
    "6": [
      0.7233074670571009,
      0.019171303074670666,
      0.0034480234260615117,
      0.0017686676427525476,
      0.25230453879941434,
      0.0
    ]
  },
  "learned_priors": {
    "0_1": [
      0.7077331057216846,
      0.20301860136567143,
      0.007999175888862713,
      0.017809041676477226,
      0.06344007534730402,
      0.0
    ],
    "0_2": [
      0.7545317448891408,
      0.17552296285632735,
      0.010747552548229237,
      0.015432623092426292,
      0.04376511661387639,
      0.0
    ],
    "0_3": [
      0.8204176982386638,
      0.12417061611374669,
      0.00832177972695744,
      0.012387706019663955,
      0.03470219990096806,
      0.0
    ],
    "0_4": [
      0.8710563105714633,
      0.08692631168541694,
      0.00876907652890724,
      0.00925086331736618,
      0.02399743789684631,
      0.0
    ],
    "0_5": [
      0.9270828585381735,
      0.05012290411850865,
      0.007961907862607922,
      0.005331271365782295,
      0.009501058114927798,
      0.0
    ],
    "0_6": [
      0.973583563808771,
      0.018644804425128614,
      0.003573686290003976,
      0.0017127617542473316,
      0.002485183721849068,
      0.0
    ],
    "1_0": [
      0.4531873268698067,
      0.3032894736842102,
      0.00411703601108034,
      0.024376731301939167,
      0.21502943213296366,
      0.0
    ],
    "2_0": [
      0.4892857142857144,
      0.08554621848739495,
      0.17029411764705885,
      0.020420168067226865,
      0.23445378151260504,
      0.0
    ],
    "4_1": [
      0.14365873802444643,
      0.21537826230591345,
      0.009159233564585388,
      0.01875123885034704,
      0.6130525272547077,
      0.0
    ],
    "4_2": [
      0.09641571685662828,
      0.18553689262147327,
      0.01095580883823241,
      0.016047790441911913,
      0.6910437912417541,
      0.0
    ],
    "4_3": [
      0.07336398544866628,
      0.12635004042037246,
      0.007812247372675884,
      0.012779911075182162,
      0.7796938156831031,
      0.0
    ],
    "4_4": [
      0.05329426030719508,
      0.09166127728375044,
      0.007883589329021853,
      0.009602263540824798,
      0.8375586095392078,
      0.0
    ],
    "4_5": [
      0.01977066411849026,
      0.05131390348781671,
      0.006634018155757295,
      0.005255613951266151,
      0.9170258002866695,
      0.0
    ],
    "4_6": [
      0.006736425339366476,
      0.020678733031674144,
      0.003088235294117635,
      0.001928733031674196,
      0.9675678733031675,
      0.0
    ]
  },
  "learned_priors_coastal": {
    "0_1_0": [
      0.7074718674927299,
      0.2109166772031859,
      0.0,
      0.017895435579719142,
      0.06371601972436501,
      0.0
    ],
    "0_1_1": [
      0.7112649572649573,
      0.09623931623931625,
      0.11614529914529914,
      0.016641025641025594,
      0.05970940170940165,
      0.0
    ],
    "0_2_0": [
      0.753759080386361,
      0.18601221361859024,
      0.0,
      0.01563063782230313,
      0.04459806817274557,
      0.0
    ],
    "0_2_1": [
      0.7616227106227113,
      0.07926007326007303,
      0.10938095238095219,
      0.013615384615384654,
      0.03612087912087901,
      0.0
    ],
    "0_3_0": [
      0.8200737962738938,
      0.1318707153802726,
      0.0,
      0.012574401161383615,
      0.03548108718445005,
      0.0
    ],
    "0_3_1": [
      0.8228711162255462,
      0.06923762945914858,
      0.06768987341772159,
      0.011055811277330314,
      0.029145569620253223,
      0.0
    ],
    "0_4_0": [
      0.8694895162395535,
      0.09616863094422179,
      0.0,
      0.009579279155817294,
      0.02476257366040744,
      0.0
    ],
    "0_4_1": [
      0.8778616071428573,
      0.0467827380952381,
      0.046857142857142806,
      0.007824404761904805,
      0.020674107142857136,
      0.0
    ],
    "0_5_0": [
      0.9267922510102208,
      0.057987877347278345,
      0.0,
      0.005499168053244662,
      0.009720703589256162,
      0.0
    ],
    "0_5_1": [
      0.9277143595041323,
      0.03303202479338848,
      0.025263429752066094,
      0.004966425619834709,
      0.009023760330578553,
      0.0
    ],
    "0_6_0": [
      0.9731785457163428,
      0.022375809935205184,
      0.0,
      0.0018610511159107166,
      0.0025845932325413838,
      0.0
    ],
    "0_6_1": [
      0.9740761821366025,
      0.014106830122591925,
      0.00792031523642729,
      0.0015323992994745951,
      0.0023642732049036605,
      0.0
    ],
    "1_0_0": [
      0.45236170212765986,
      0.3084680851063827,
      0.0,
      0.024544326241134874,
      0.21462588652482262,
      0.0
    ],
    "1_0_1": [
      0.48742647058823524,
      0.08852941176470587,
      0.1748529411764706,
      0.017426470588235293,
      0.23176470588235293,
      0.0
    ],
    "2_0_1": [
      0.4892857142857144,
      0.08554621848739495,
      0.17029411764705885,
      0.020420168067226865,
      0.23445378151260504,
      0.0
    ],
    "4_1_0": [
      0.14375617501764276,
      0.22246118560338754,
      0.0,
      0.01875441072688792,
      0.6150282286520818,
      0.0
    ],
    "4_1_1": [
      0.14222797927461137,
      0.11137305699481866,
      0.14365284974093256,
      0.018704663212435215,
      0.5840414507772022,
      0.0
    ],
    "4_2_0": [
      0.09780026396832324,
      0.1951330840299147,
      0.0,
      0.016159260888693603,
      0.6909073911130685,
      0.0
    ],
    "4_2_1": [
      0.08258241758241756,
      0.08965934065934066,
      0.12041758241758252,
      0.014934065934065873,
      0.6924065934065933,
      0.0
    ],
    "4_3_0": [
      0.07522779304029316,
      0.13375686813186882,
      0.0,
      0.013062042124542421,
      0.7779532967032956,
      0.0
    ],
    "4_3_1": [
      0.0593275862068965,
      0.07056896551724134,
      0.0666465517241379,
      0.01065517241379305,
      0.7928017241379313,
      0.0
    ],
    "4_4_0": [
      0.05542893600314122,
      0.1016843345111893,
      0.0,
      0.010019630938359074,
      0.8328670985473103,
      0.0
    ],
    "4_4_1": [
      0.04332722273143909,
      0.04486251145737855,
      0.04469294225481209,
      0.007653528872593916,
      0.8594637946837764,
      0.0
    ],
    "4_5_0": [
      0.020758483033932153,
      0.05934131736526949,
      0.0,
      0.0057518296739853285,
      0.914148369926813,
      0.0
    ],
    "4_5_1": [
      0.01725423728813556,
      0.030864406779660982,
      0.02353389830508473,
      0.003991525423728796,
      0.92435593220339,
      0.0
    ],
    "4_6_0": [
      0.0069499999999999805,
      0.026820000000000007,
      0.0,
      0.0022599999999999977,
      0.96397,
      0.0
    ],